<?xml version="1.0" encoding="UTF-8"?>
<project xmlns="http://maven.apache.org/POM/4.0.0" xmlns:xsi="http://www.w3.org/2001/XMLSchema-instance" xsi:schemaLocation="http://maven.apache.org/POM/4.0.0 http://maven.apache.org/maven-v4_0_0.xsd">
  <modelVersion>4.0.0</modelVersion>
  <groupId>org.momtsim</groupId>
  <artifactId>momtsim</artifactId>
  <version>2.7.1</version>
  <build>
    <plugins>
      <plugin>
        <artifactId>maven-compiler-plugin</artifactId>
        <version>3.8.1</version>
        <configuration>
          <source>8</source>
          <target>8</target>
          <compilerArgs>
            <arg>-Xlint:all</arg>
          </compilerArgs>
        </configuration>
      </plugin>
      <plugin>
        <artifactId>maven-surefire-plugin</artifactId>
        <version>3.0.0-M4</version>
      </plugin>
      <plugin>
        <artifactId>maven-jar-plugin</artifactId>
        <version>3.2.0</version>
        <configuration>
          <archive>
            <manifest>
              <mainClass>org.momtsim.MoMTSimApp</mainClass>
            </manifest>
          </archive>
        </configuration>
      </plugin>
      <plugin>
        <artifactId>maven-shade-plugin</artifactId>
        <version>3.2.1</version>
        <executions>
          <execution>
            <phase>package</phase>
            <goals>
              <goal>shade</goal>
            </goals>
          </execution>
        </executions>
        <configuration>
          <artifactSet>
            <excludes>
              <exclude>commons-lang:*</exclude>
            </excludes>
            <includes>
              <include>org/momtsim/**</include>
              <include>com.opencsv:*</include>
              <include>commons-beanutils:*</include>
              <include>commons-text:*</include>
              <include>org.apache.commons:commons-lang3</include>
              <include>org.apache.commons:*</include>
              <include>commons-configuration:*</include>
              <include>commons-collections:*</include>
              <include>org.slf4j:*</include>
              <include>org.apache.tinkerpop:*</include>
              <include>cs.gmu.edu.eclab:*</include>
              <include>com.github.voutilad:*</include>
              <include>com.github.voutilad.mason:*</include>
              <include>com.devskiller:*</include>
              <include>org.yaml:*</include>
              <include>com.google.guava:*</include>
              <include>com.google.inject:*</include>
              <include>com.google.inject.extensions:*</include>
              <include>org.iban4j:*</include>
              <include>javax.inject:*</include>
              <include>aopalliance:*</include>
            </includes>
          </artifactSet>
        </configuration>
      </plugin>
    </plugins>
  </build>
  <repositories>
    <repository>
      <id>jitpack.io</id>
      <url>https://jitpack.io</url>
    </repository>
  </repositories>
  <dependencies>
    <dependency>
      <groupId>org.slf4j</groupId>
      <artifactId>slf4j-simple</artifactId>
      <version>1.7.25</version>
      <scope>test</scope>
    </dependency>
    <dependency>
      <groupId>org.junit.jupiter</groupId>
      <artifactId>junit-jupiter</artifactId>
      <version>5.5.2</version>
      <scope>test</scope>
      <exclusions>
        <exclusion>
          <artifactId>junit-jupiter-api</artifactId>
          <groupId>org.junit.jupiter</groupId>
        </exclusion>
        <exclusion>
          <artifactId>junit-jupiter-params</artifactId>
          <groupId>org.junit.jupiter</groupId>
        </exclusion>
        <exclusion>
          <artifactId>junit-jupiter-engine</artifactId>
          <groupId>org.junit.jupiter</groupId>
        </exclusion>
      </exclusions>
    </dependency>
  </dependencies>
  <properties>
    <project.build.sourceEncoding>UTF-8</project.build.sourceEncoding>
  </properties>
</project>
